buru phase 1 => polygons/buru_buru_phase_1.txt
buru buru phase 1 => polygons/buru_buru_phase_1.txt
buruburu phase 1 => polygons/buru_buru_phase_1.txt
buruburu phase 2 => polygons/buru_buru_phase_2.txt
buru buru phase 2 => polygons/buru_buru_phase_2.txt
buru buru phase 3 => polygons/buru_buru_phase_3.txt
buruburu phase 3 => polygons/buru_buru_phase_3.txt
buruburu phase 4 => polygons/buru_buru_phase_4.txt
buru buru phase 4 => polygons/buru_buru_phase_4.txt
buruburu => polygons/buru_buru.txt
buru => polygons/buru_buru.txt
buru buru => polygons/buru_buru.txt
buru-buru => polygons/buru_buru.txt
hurlingham => polygons/hurlingham.txt
hurlingam => polygons/hurlingham.txt
hulingham => polygons/hurlingham.txt
hulingam => polygons/hurlingham.txt
joyland => polygons/joyland.txt
joy land => polygons/joyland.txt
kariobangi south => polygons/kariobangi_south.txt
k south => polygons/kariobangi_south.txt
kasarani => polygons/kasarani.txt
kasa => polygons/kasarani.txt
kawangware => polygons/kawangware.txt
ungwaro => polygons/kawangware.txt
kilimani => polygons/kilimani.txt
lower kabete => polygons/lower_kabete.txt
pangani => polygons/pangani.txt
pango => polygons/pangani.txt
roysambu => polygons/roysambu.txt
roysa => polygons/roysambu.txt
ruaka => polygons/ruaka.txt
south c => polygons/south_c.txt
southc => polygons/south_c.txt
south_c => polygons/south_c.txt
thigiri => polygons/thigiri.txt
thindigwa => polygons/thindigwa.txt
trm => polygons/trm.txt
usiu => polygons/usiu.txt
busia => polygons/busia.txt
kari mwailu => polygons/kari_mwailu.txt
donholm => polygons/donholm.txt
donnie => polygons/donholm.txt
donholm caltex => polygons/donholm_caltex.txt
greenspan mall => polygons/greenspan_mall.txt
donholm greenspan => polygons/greenspan_mall.txt
greenspan donholm => polygons/greenspan_mall.txt
greenspan => polygons/greenspan_mall.txt
namwacha => polygons/namwacha.txt
pipeline => polygons/pipeline.txt
stage mpya => polygons/stage_mpya.txt
gikambura => polygons/gikambura.txt
ewaso ngiro => polygons/ewaso_ngiro.txt
machakos golf club => polygons/machakos_golf_club.txt
golf club machakos => polygons/machakos_golf_club.txt
machakos, golf club => polygons/machakos_golf_club.txt
mumbuni high school => polygons/mumbuni_high_school.txt
kahawa west => polygons/kahawa_west.txt
runyenjes => polygons/runyenjes.txt
kenol => polygons/kenol.txt
sheikh karume rd => polygons/sheikh_karume_rd.txt
sheikh karume road => polygons/sheikh_karume_road.txt
thogoto => polygons/thogoto.txt
thogoto teachers college => polygons/thogoto_teachers_college.txt
naivasha => polygons/naivasha.txt
flower business park => polygons/flower_business_park.txt
membley => polygons/membley_estate.txt
mamboleo => polygons/mamboleo.txt
kenyenya => polygons/kenyenya.txt
kongo estate => polygons/kongo_estate.txt
kongo kahawa => polygons/kongo_estate.txt
kahawa kongo => polygons/kongo_estate.txt
ngumba => polygons/ngumba_estate.txt
lucky summer => polygons/lucky_summer.txt
laki sama => polygons/lucky_summer.txt
old town => polygons/old_town.txt
oldtown => polygons/old_town.txt
juja => polygons/juja.txt
katani => polygons/katani.txt
kabati => polygons/kabati.txt
uthiru => polygons/uthiru.txt
simba villas => polygons/simba_villas.txt
budalangi => polygons/budalangi.txt
mtwapa => polygons/mtwapa.txt
kiserian => polygons/kiserian.txt
ongata rongai => polygons/ongata_rongai.txt
ongata rungai => polygons/ongata_rongai.txt
rongai => polygons/ongata_rongai.txt
syokimau => polygons/syokimau.txt
syoki => polygons/syokimau.txt
langata => polygons/langata.txt
canaan estate => polygons/canaan_estate.txt
canaan => polygons/canaan_estate.txt
kangemi => polygons/kangemi.txt
mountain view => polygons/mountain_view.txt
mlolongo => polygons/mlolongo.txt
south b => polygons/south_b.txt
matasia => polygons/matasia.txt
gachororo juja => polygons/gachororo.txt
juja gachororo => polygons/gachororo.txt
juja, gachororo => polygons/gachororo.txt
gachororo, juja => polygons/gachororo.txt
gachororo => polygons/gachororo.txt
zimmerman => polygons/zimmerman.txt
zimmer => polygons/zimmerman.txt
nyamira => polygons/nyamira.txt
nyageita => polygons/nyageita.txt
kinoo => polygons/kinoo.txt
nkoroi => polygons/nkoroi.txt
quickmart ruaka => polygons/quickmart_ruaka.txt
ruaka quickmart => polygons/quickmart_ruaka.txt
quickmart, ruaka => polygons/quickmart_ruaka.txt
ruaka, quickmart => polygons/quickmart_ruaka.txt
cooperative ruaka => polygons/cooperative_ruaka.txt
ruaka cooperative => polygons/cooperative_ruaka.txt
cooperative, ruaka => polygons/cooperative_ruaka.txt
ruaka, cooperative => polygons/cooperative_ruaka.txt
kiambu town => polygons/kiambu_town.txt
gachie => polygons/gachie.txt
kahawa sukari => polygons/kahawa_sukari.txt
kahawa wendani => polygons/kahawa_wendani.txt
githurai 45 => polygons/githurai_45.txt
githurai 44 => polygons/githurai_44.txt
eastleigh => polygons/eastleigh.txt
easleigh => polygons/eastleigh.txt
easleih => polygons/eastleigh.txt
pumwani => polygons/pumwani.txt
upper hill => polygons/upper_hill.txt
upperhill => polygons/upper_hill.txt
umoja innercore => polygons/umoja_inner_core.txt
umoja inner core => polygons/umoja_inner_core.txt
umoja phase 1 => polygons/umoja_phase_1.txt
umoja 1 => polygons/umoja_phase_1.txt
umoja phase 2 => polygons/umoja_phase_2.txt
umoja 2 => polygons/umoja_phase_2.txt
kayole => polygons/kayole.txt
komarock => polygons/komarock.txt
komarok => polygons/komarock.txt
koma => polygons/komarock.txt
imara daima => polygons/imara_daima.txt
villa franca => polygons/villa_franca.txt
villa franka => polygons/villa_franca.txt
villafranca => polygons/villa_franca.txt
villafranka => polygons/villa_franca.txt
wangige => polygons/wangige.txt
mwimuto => polygons/mwimuto.txt
ngara => polygons/ngara.txt
eldoret => polygons/eldoret.txt
kondele => polygons/kondele.txt
kisumu kondele => polygons/kondele.txt
kisumu, kondele => polygons/kondele.txt
manyatta => polygons/manyatta.txt
kisumu manyatta => polygons/manyatta.txt
kisumu, manyatta => polygons/manyatta.txt
tom mboya estate => polygons/tom_mboya_estate.txt
tom mboya kisumu => polygons/tom_mboya_estate.txt
kisumu, tom mboya => polygons/tom_mboya_estate.txt
kisumu milimani => polygons/milimani_kisumu.txt
milimani kisumu => polygons/milimani_kisumu.txt
kisumu, milimani => polygons/milimani_kisumu.txt
milimani, kisumu => polygons/milimani_kisumu.txt
noonkopir => polgons/noonkopir.txt
noon kopir => polygons/noonkopir.txt
athi river => polygons/athi_river.txt
athiriver => polygons/athi_river.txt
87 kinoo => polygons/87_kinoo.txt
dandora => polygons/dandora.txt
dandora phase 1 => polygons/dandora_phase_1.txt
dandora phase 4 => polygons/dandora_phase_4.txt
dandora phase 5 => polygons/dandora_phase_5.txt
karen => polygons/karen.txt
jamhuri estate => polygons/jamhuri.txt
jamhuri shopping centre => polygons/jamhuri_shopping_centre.txt
jamhuri shopping center => polygons/jamhuri_shopping_centre.txt
dagoretti corner => polygons/dagoretti_corner.txt
dagoreti corner => polygons/dagoretti_corner.txt
riara rd => polygons/riara_rd.txt
riara road => polygons/riara_rd.txt
riruta => polygons/riruta.txt
kabiria => polygons/kabiria.txt
waithaka => polygons/waithaka.txt
amboseli => polygons/amboseli.txt
lavington => polygons/lavington.txt
riverside => polygons/riverside.txt
nyari => polygons/nyari.txt
rosslyn => polygons/rosslyn.txt
roslyn => polygons/rosslyn.txt
rosslin => polygons/rosslyn.txt
loresho => polygons/loresho.txt
tassia => polygons/tassia.txt
nyayo estate => polygons/nyayo_estate.txt
fedha => polygons/fedha.txt
kileleshwa => polygons/kileleshwa.txt
ngumo => polygons/ngumo.txt
ngong town => polygons/ngong.txt
ngong => polygons/ngong.txt
muthaiga => polygons/muthaiga.txt
huruma => polygons/huruma.txt
mathara => polygons/mathara.txt
nakuru => polygons/nakuru.txt
nyeri => polygons/nyeri.txt
embu => polygons/embu.txt
meru => polygons/meru.txt
nanyuki => polygons/nanyuki.txt
kilifi => polygons/kilifi.txt
machakos => polygons/machakos.txt
nyali => polygons/nyali.txt
shanzu => polygons/shanzu.txt
bamburi => polygons/bamburi.txt
mombasa island => polygons/mombasa_island.txt
mombasa town => polygons/mombasa_island.txt
diani => polygons/diani.txt
tiwi => polygons/tiwi.txt
likoni => polygons/likoni.txt
voi => polygons/voi.txt
taveta => polygons/taveta.txt
wundanyi => polygons/wundanyi.txt
wundani => polygons/wundanyi.txt
kisii => polygons/kisii.txt
homa bay => polygons/homa_bay.txt
keroka => polygons/keroka.txt
migori => polygons/migori.txt
kakamega => polygons/kakamega.txt
mumias => polygons/mumias.txt
bumala => polygons/bumala.txt
webuye => polygons/webuye.txt
kimili => polygons/kimilili.txt
yala => polygons/yala.txt
bondo => polygons/bondo.txt
siaya => polygons/siaya.txt
utawala => polygons/utawala.txt
utawala githunguri => polygons/utawala.txt
utawala githunguri rd => polygons/utawala.txt
utawala, githunguri => polygons/utawala.txt
ruai => polygons/ruai.txt
githunguri => polygons/githunguri.txt
tigoni => polygons/tigoni.txt
bungoma => polygons/bungoma.txt
kitengela => polygons/kitengela.txt
muranga => polygons/muranga.txt
maragua => polygons/maragua.txt
muthiga => polygons/muthiga.txt
dennis pritt => polygons/dennis_pritt.txt
denis pritt => polygons/dennis_pritt.txt
dennis prit => polygons/dennis_pritt.txt
lenana road => polygons/lenana_rd.txt
lenana rd => polygons/lenana_rd.txt
kikuyu => polygons/kikuyu.txt
vihiga => polygons/vihiga.txt
malindi => polygons/malindi.txt
watamu => polygons/watamu.txt
lamu => polygons/lamu.txt
garissa => polygons/garissa.txt
isiolo => polygons/isiolo.txt
kabarnet => polygons/kabarnet.txt
mariakani => polygons/mariakani.txt
emali => polygons/emali.txt
sultan hamud => polygons/sultan_hamud.txt
kajiado => polygons/kajiado.txt
wajir => polygons/wajir.txt
marsabit => polygons/marsabit.txt
lodwar => polygons/lodwar.txt
daadab => polygons/daadab.txt
ukunda => polygons/ukunda.txt
ole odume road => polygons/ole_odume_rd.txt
ole odume rd => polygons/ole_odume_rd.txt
parklands => polygons/parklands.txt
brookside drive => polygons/brookside_drive.txt
westlands => polygons/westlands.txt
spring valley => polygons/spring_valley.txt
raphta rd => polygons/raphta_rd.txt
raphta road => polygons/raphta_rd.txt
ruiru => polygons/ruiru.txt
gatundu => polygons/gatundu.txt
nairobi west => polygons/nairobi_west.txt
nrb west => polygons/nairobi_west.txt
madaraka => polygons/madaraka.txt
highrise => polygons/highrise.txt
mugoya phase 1 => polygons/mugoya_phase_1.txt
mugoya phase 3 => polygons/mugoya_phase_3.txt
mugoya phase 4 => polygons/mugoya_phase_4.txt
nairobi dam estate => polygons/nairobi_dam_estate.txt
nrb dam estate => polygons/nairobi_dam_estate.txt
uhuru gardens => polygons/uhuru_gardens_estate.txt
southlands => polygons/southlands_estate.txt
akiba => polygons/akiba_estate.txt
sunvalley 2 => polygons/sunvalley_2.txt
kasuku centre => polygons/kasuku_centre.txt
kasuku center => polygons/kasuku_center.txt
oloitokitok road => polygons/oloitokitok_rd.txt
oloitokitok rd => polygons/oloitokitok_rd.txt
oloitoktok road => polygons/oloitokitok_rd.txt
oloitoktok rd => polygons/oloitokitok_rd.txt
batubatu => polygons/batubatu_rd.txt
batu batu => polygons/batubatu_rd.txt
ndenderu => polygons/batubatu_rd.txt
limuru => polygons/limuru.txt
kingeero => polygons/kingeero.txt
mishomoroni => polygons/mishomoroni.txt
muchatha => polygons/muchatha.txt
kirigiti => polygons/kirigiti.txt
tinganga => polygons/tinganga.txt
ting'ang'a => polygons/tinganga.txt
bomet => polygons/bomet.txt
kericho => polygons/kericho.txt
kapsoit => polygons/kapsoit.txt
kitui => polygons/kitui.txt
kibwezi => polygons/kibwezi.txt
makindu => polygons/makindu.txt
